City,Places
Chania,Sfakia
Chania,Paleochora
Chania,Kissamos
Chania,Frangokastello
Chania,Kolimbari Village
Chania,Kalyves Village
Chania,Platanias Village
Chania,Anopolis
Chania,Akrotiri
Chania,Alikianos
Chania,Deres
Chania,Elos
Chania,Epanochori
Chania,Gavalochori
Chania,Kalami
Chania,Kandanos
Chania,Kefali
Chania,Kournas
Chania,Mournies
Chania,Papadiana
Chania,Rodopos
Chania,Rodovani
Chania,Souda
Chania,Stylos
Chania,Topolia
Chania,Vamos
Chania,Voukolies
Chania,Vryses
Chania,Loutro
Chania,Prases
Chania,Therissos
Chania,Nerokouros
Chania,Elafonisi
Chania,Balos
Chania,Falassarna
Chania,Frangokastello beach
Chania,Pahia Ammos
Chania,Georgioupolis
Chania,Sfakia beach
Chania,Loutraki
Chania,Maleme
Chania,Souda Beach
Chania,Agia Marina
Chania,Agioi Apostoloi
Chania,Drapanias
Chania,Finikas
Chania,Germaniko Pouli
Chania,Gialiskari
Chania,Glyka Nera
Chania,Golden Beach
Chania,Grammeno
Chania,Kalamaki
Chania,Kalathas
Chania,Kalyves
Chania,Kiani Akti
Chania,Kissamos beach
Chania,Kolimbari
Chania,Koutelos
Chania,Krios
Chania,Marathi
Chania,Orthi Ammos
Chania,Sfinari
Chania,Sougia
Chania,Stalos
Chania,Stavros
Chania,Tavronitis
Chania,Tripiti
Chania,Votsalo
Chania,Votsalo
Chania,Platanias
Chania,Paleohora Beach
Chania,Halikia
chania,paleochora
chania,kissamos
chania,frangokastello
chania,kolimbari village
chania,kalyves village
chania,platanias village
chania,anopolis
chania,akrotiri
chania,alikianos
chania,deres
chania,elos
chania,epanochori
chania,gavalochori
chania,kalami
chania,kandanos
chania,kefali
chania,kournas
chania,mournies
chania,papadiana
chania,rodopos
chania,rodovani
chania,souda
chania,stylos
chania,topolia
chania,vamos
chania,voukolies
chania,vryses
chania,loutro
chania,prases
chania,therissos
chania,nerokouros
chania,elafonisi
chania,balos
chania,falassarna
chania,frangokastello beach
chania,pahia ammos
chania,georgioupolis
chania,sfakia beach
chania,loutraki
chania,maleme
chania,souda beach
chania,agia marina
chania,agioi apostoloi
chania,drapanias
chania,finikas
chania,germaniko pouli
chania,gialiskari
chania,glyka nera
chania,golden beach
chania,grammeno
chania,kalamaki
chania,kalathas
chania,kalyves
chania,kiani akti
chania,kissamos beach
chania,kolimbari
chania,koutelos
chania,krios
chania,marathi
chania,orthi ammos
chania,sfinari
chania,sougia
chania,stalos
chania,stavros
chania,tavronitis
chania,tripiti
chania,votsalo
chania,votsalo
chania,platanias
chania,paleohora beach
chania,halikia
Rethymno,Anogia
Rethymno,Agia Galini
Rethymno,Plakias
Rethymno,Argiroupolis
Rethymno,Spili
Rethymno,Agios Vasilios
Rethymno,Atsipopoulo
Rethymno,Melambes
Rethymno,Myrthios
Rethymno,Prasses
Rethymno,Agia Galini Beach
Rethymno,Bali
Rethymno,Preveli
Rethymno,Panormos
Rethymno,Plakias Beach
Rethymno,Rodakino
Rethymno,Triopetra
Rethymno,Agios Pavlos
rethymno,anogia
rethymno,agia galini
rethymno,plakias
rethymno,argiroupolis
rethymno,spili
rethymno,agios vasilios
rethymno,atsipopoulo
rethymno,melambes
rethymno,myrthios
rethymno,prasses
rethymno,agia galini beach
rethymno,bali
rethymno,preveli
rethymno,panormos
rethymno,plakias beach
rethymno,rodakino
rethymno,triopetra
rethymno,agios pavlos
Rethymno,Enetiko
Rethymno,Geropotamos
Rethymno,Misiria
Rethymno,Petres
Rethymno,Agios Georgios
Rethymno,Pigianos Kampos
Rethymno,Perivolia
rethymno,geropotamos
rethymno,misiria
rethymno,petres
rethymno,agios georgios
rethymno,pigianos kampos
rethymno,perivolia
Heraklion,Matala
Heraklion,Agia Pelagia
Heraklion,Malia
Heraklion,Agiofaraggo
Heraklion,Tymbaki
Heraklion,Tobrouk
Heraklion,Lygaria
Heraklion,Amoudara
Heraklion,Amnissos
Heraklion,Stalida
Heraklion,Hersonissos
Heraklion,Kokkini Hani
Heraklion,Tsoutsouros
Heraklion,Fodele
Heraklion,Agia Pelagia Psaromoura
Heraklion,Agia Pelagia Mononaftis
Heraklion,Dermatos
Heraklion,Analipsi
Heraklion,Gouves
Heraklion,Karteros
Heraklion,Keratokambos
Heraklion,Kokkinos Pyrgos
Heraklion,Komos
Heraklion,Paleokastro
Heraklion,Psari Forada
Heraklion,Sidonia
Heraklion,Tertsa
heraklion,matala
heraklion,agia pelagia
heraklion,malia
heraklion,agiofaraggo
heraklion,tymbaki
heraklion,tobrouk
heraklion,lygaria
heraklion,amoudara
heraklion,amnissos
heraklion,stalida
heraklion,hersonissos
heraklion,kokkini hani
heraklion,tsoutsouros
heraklion,fodele
heraklion,agia pelagia psaromoura
heraklion,agia pelagia mononaftis
heraklion,dermatos
heraklion,analipsi
heraklion,gouves
heraklion,karteros
heraklion,keratokambos
heraklion,kokkinos pyrgos
heraklion,komos
heraklion,paleokastro
heraklion,psari forada
heraklion,sidonia
heraklion,tertsa
Lassithi,Vai
Lassithi,Makrigialos
Lassithi,Istro beach
Lassithi,Xerokampos
Lassithi,Palekastro
Lassithi,Havania
Lassithi,Kato Zakros
Lassithi,Amoudara
Lassithi,Agia Fotia
Lassithi,Sissi beach
Lassithi,Sissi beach
Lassithi,Pahia Ammos
Lassithi,Hiona
Lassithi,Almiros
Lassithi,Agios Nikolaos Beach
Lassithi,Itanos
Lassithi,Maridatis
Lassithi,Papadiokampos
Lassithi,vai
lassithi,makrigialos
lassithi,istro beach
lassithi,xerokampos
lassithi,palekastro
lassithi,havania
lassithi,kato zakros
lassithi,amoudara
lassithi,agia fotia
lassithi,sissi beach
lassithi,sissi beach
lassithi,pahia ammos
lassithi,hiona
lassithi,almiros
lassithi,agios nikolaos beach
lassithi,itanos
lassithi,maridatis
lassithi,papadiokampos
palm forest,Palm Forest
windmills,Windmills
agios nikolaos,Agios Nikolaos
tzermiado,Tzermiado
ierapetra,Ierapetra
sissi,Sissi
sitia,Sitia
elounda,Elounda
neapolis,Neapolis
kritsa,Kritsa
plaka,Plaka
zakros,Zakros
milatos,Milatos
mochlos,Mochlos
ziros,Ziros
kalamafka,Kalamafka
tourloti,Tourloti
makris gialos,Makris Gialos
knossos,Knossos
crete,Crete
hania,hotel
khania,Khania
resort,Resort
Irakleio,Rethymno
krhth,Siteia
Krhth,siteia
pachia ammos,Pachia Ammos
vasiliki,Vasiliki
stavros (kapistri),Stavros (Kapistri)
episkopi,Episkopi
kentri,Kentri
vainia (giannitsi),Vainia (Giannitsi)
koutsounari,Koutsounari
ferma,Ferma
agios ioannis,Agios Ioannis
agia fotia,Agia Fotia
schinokapsala,Schinokapsala
koutsouras,Koutsouras
makrygialos,Makrygialos
analipsi,Analipsi
pefki,Pefki
agios stefanos (gras),Agios Stefanos (Gras)
stavrochori,Stavrochori
oreino,Oreino
monastiraki,Monastiraki
thripti,Thripti
kavousi,Kavousi
trapeza,Trapeza
bebonas,Bebonas
chrisopigi (roukakas),Chrisopigi (Roukakas)
aorion,Aorion
dafni,Dafni
lastros,Lastros
mochlos,Mochlos
sfaka,Sfaka
tourloti,Tourloti
agios andreas,Agios Andreas
myrsini,Myrsini
mesa mouliana,Mesa Mouliana
exo mouliana,Exo Mouliana
kalavros,Kalavros
chamezi,Chamezi
skopi,Skopi
paraspori,Paraspori
achladia,Achladia
sitia,Sitia
piskokefalo,Piskokefalo
kato episkopi,Kato Episkopi
petras,Petras
agia fotia,Agia Fotia
roussa ekklisia,Roussa Ekklisia
analoukas,Analoukas
xirolimni,Xirolimni
chonos,Chonos
mitato,Mitato
vrysidi (magasa),Vrysidi (Magasa)
arniko,Arniko
stavromenos,Stavromenos
laggada,Laggada
kellaria,Kellaria
adravasti,Adravasti
klisidi,Klisidi
zakros,Zakros
karydi,Karydi
sitanos,Sitanos
katsidoni,Katsidoni
sandali,Sandali
maronia,Maronia
zakanthos,Zakanthos
katelionas,Katelionas
nea praesos (vaveli),Nea Praesos (Vaveli)
epano episkopi,Epano Episkopi
agios georgios (tourtouli),Agios Georgios (Tourtouli)
agios spyridon (kanene),Agios Spyridon (Kanene)
sykia,Sykia
papagiannades,Papagiannades
skordilo,Skordilo
kato krya,Kato Krya
sklavi,Sklavi
lithines,Lithines
kalo nero,Kalo Nero
perivolakia,Perivolakia
etia,Etia
armeni,Armeni
chandras,Chandras
ziros,Ziros
mesa apidi,Mesa Apidi
exo apidi,Exo Apidi
epano perivolakia,Epano Perivolakia
lamnoni,Lamnoni
agia triada,Agia Triada
chametoulo,Chametoulo
kalo chorio,Kalo Chorio
xerokampos,Xerokampos
goudouras,Goudouras
palaikastro,Palaikastro
agathia,Agathia
azokeramos,Azokeramos
kato zakros,Kato Zakros
makrilia,Makrilia
meseleri,Meseleri
prina,Prina
potami,Potami
gra-lygia,Gra-Lygia
kalogeri,Kalogeri
stomio,Stomio
nea anatoli,Nea Anatoli
ammoudares,Ammoudares
anatoli,Anatoli
kalamafka,Kalamafka
kopanes,Kopanes
myrtos,Myrtos
mythi,Mythi
malles,Malles
agios georgios,Agios Georgios
christos,Christos
metaxochori (parsas),Metaxochori (Parsas)
mournies,Mournies
gdochia,Gdochia
loutraki,Loutraki
agios georgios,Agios Georgios
tertsa,Tertsa
sykologos,Sykologos
pente petres,Pente Petres
psari forada,Psari Forada
ano vigla,Ano Vigla
kato vigles,Kato Vigles
sisi,Sisi
memes,Memes
paralia milatou,Paralia Milatou
milatos,Milatos
tsampion,Tsampion
agori,Agori
vrachasi,Vrachasi
latsida,Latsida
anogia,Anogia
amygdalolakkos,Amygdalolakkos
agios antonios,Agios Antonios
adravastos,Adravastos
petros,Petros
zourva,Zourva
xirolimni,Xirolimni
peronides,Peronides
souvlos,Souvlos
amygdalea,Amygdalea
romanos,Romanos
kourounes,Kourounes
nofalias,Nofalias
perampela,Perampela
makrigennisa,Makrigennisa
dilakkos,Dilakkos
koudoumalos,Koudoumalos
finokalia,Finokalia
patsopoulos,Patsopoulos
valtos,Valtos
skinias,Skinias
agios georgios,Agios Georgios
epano & kato loumas,Epano & Kato Loumas
selles,Selles
mironikitas,Mironikitas
brouchas,Brouchas
chondrovolaki,Chondrovolaki
karydi,Karydi
dories,Dories
chavgas,Chavgas
plaka,Plaka
kastelli fournis,Kastelli Fournis
fourni,Fourni
epano pines,Epano Pines
kato pines,Kato Pines
epano elounda,Epano Elounda
kato elounda,Kato Elounda
mavrikiano,Mavrikiano
schisma eloundas,Schisma Eloundas
ellinika,Ellinika
atzimbragia,Atzimbragia
kalos lakkos,Kalos Lakkos
agia pelagia,Agia Pelagia
agios ioannis (lousesto),Agios Ioannis (Lousesto)
dyo prinoi,Dyo Prinoi
drakkos,Drakkos
katsikia,Katsikia
pissidos,Pissidos
xirokambos,Xirokambos
agios nikolaos,Agios Nikolaos
limnes,Limnes
choumeriakos,Choumeriakos
nikithianos,Nikithianos
neapoli,Neapoli
voulismeni,Voulismeni
vryses,Vryses
agios konstantinos,Agios Konstantinos
amygdali,Amygdali
ano amigdali,Ano Amigdali
zenia,Zenia
roussapidia,Roussapidia
exo potami,Exo Potami
roussakiana,Roussakiana
mesa potami,Mesa Potami
mesa lasithi,Mesa Lasithi
mesa lasithaki,Mesa Lasithaki
agios konstantinos,Agios Konstantinos
tapes,Tapes
vlachides,Vlachides
peronides,Peronides
karterides,Karterides
exo lakkonia,Exo Lakkonia
marnellides,Marnellides
fioretsides,Fioretsides
flamouriana,Flamouriana
chamilo,Chamilo
schisma,Schisma
kakokamotes,Kakokamotes
analipsi,Analipsi
roussa limni,Roussa Limni
ammoudara,Ammoudara
mardati,Mardati
istron,Istron
kalo chorio,Kalo Chorio
pyrgos,Pyrgos
kritsa,Kritsa
kroustas,Kroustas
katharo,Katharo
kopraki,Kopraki
agios dimitrios,Agios Dimitrios
pachykormos,Pachykormos
keratidia,Keratidia
malia,Malia
stalida,Stalida
koutouloufari,Koutouloufari
piskopiano,Piskopiano
limin chersonisou,Limin Chersonisou
analipsi,Analipsi
chersonisos,Chersonisos
agriana,Agriana
gouves,Gouves
kato gouves (finix),Kato Gouves (Finix)
gournes,Gournes
chani tou kokkini,Chani tou Kokkini
vathianos kambos,Vathianos Kambos
mochos,Mochos
krasi,Krasi
avdou,Avdou
gonies,Gonies
potamies,Potamies
kalo chorio,Kalo Chorio
koxari,Koxari
skotino,Skotino
kainourio chorio,Kainourio Chorio
galifa,Galifa
charaso,Charaso
smari,Smari
sambas,Sambas
zofori,Zofori
apostoli,Apostoli
thrapsano,Thrapsano
archontiko (alitzani),Archontiko (Alitzani)
arkalohori,Arkalohori
mousouta,Mousouta
kasanos,Kasanos
ano & kato poulia,Ano & Kato Poulia
lefkochori (voutoufou),Lefkochori (Voutoufou)
evaggelismos (mouchtari),Evaggelismos (Mouchtari)
monastiraki,Monastiraki
sklaverochori,Sklaverochori
archagellos (varvaro),Archagellos (Varvaro)
kardoulianos,Kardoulianos
kastelli,Kastelli
roussochoria,Roussochoria
avli,Avli
nipiditos,Nipiditos
panagia,Panagia
afrati,Afrati
geraki,Geraki
armacha,Armacha
agia paraskevi,Agia Paraskevi
liliano,Liliano
mathia,Mathia
amariano,Amariano
kastamonitsa,Kastamonitsa
tichos,Tichos
lyttos (xidas),Lyttos (Xidas)
bitzariano (pigi),Bitzariano (Pigi)
aski,Aski
sfendili,Sfendili
tzermiado,Tzermiado
marmaketo,Marmaketo
laggou,Laggou
pinakiano,Pinakiano
kato metohi,Kato Metohi
agios charalambos (gerodomouri,Agios Charalambos (Gerodomouri
plati,Plati
psychro,Psychro
magoulas,Magoulas
kaminaki,Kaminaki
avrakontes,Avrakontes
agios georgios,Agios Georgios
machera,Machera
ini,Ini
vakiotes,Vakiotes
lagouta,Lagouta
ano kastelliana,Ano Kastelliana
kato kastelliana,Kato Kastelliana
demati,Demati
tsoutsouros,Tsoutsouros
skinias,Skinias
karavados,Karavados
martha,Martha
thomadiano,Thomadiano
embaros,Embaros
milliarades,Milliarades
katofygi,Katofygi
kato symi,Kato Symi
kalami,Kalami
dermatos,Dermatos
agios ioannis,Agios Ioannis
kastri,Kastri
mesi,Mesi
kato viannos,Kato Viannos
pervola,Pervola
chondros,Chondros
keratokambos,Keratokambos
ano viannos,Ano Viannos
loutraki,Loutraki
vachos,Vachos
amiras,Amiras
kefalovrisi,Kefalovrisi
krevatas,Krevatas
agios vasilios,Agios Vasilios
pefkos,Pefkos
ano kornias,Ano Kornias
syndonia,Syndonia
nea arvi,Nea Arvi
achendrias,Achendrias
agia marina,Agia Marina
mournia,Mournia
prinias,Prinias
amygdalos,Amygdalos
paranymfi,Paranymfi
kapetaniana,Kapetaniana
koumassa,Koumassa
koukia,Koukia
fournofaraggo,Fournofaraggo
agios nikolaos,Agios Nikolaos
pentamodi,Pentamodi
pyrgou,Pyrgou
agios myron,Agios Myron
siva,Siva
dafnes,Dafnes
agios syllas,Agios Syllas
tsaggaraki,Tsaggaraki
profitis ilias (kanli kastelli,Profitis Ilias (Kanli Kastelli
epano archanes,Epano Archanes
kounavi,Kounavi
peza,Peza
kalloni,Kalloni
agies paraskies,Agies Paraskies
myrtia (varvaro ag.paraskion),Myrtia (Varvaro Ag.Paraskion)
sgourokefali,Sgourokefali
kerassia,Kerassia
avgeniki,Avgeniki
venerato,Venerato
sinapi,Sinapi
pyrgos,Pyrgos
kyparissos (dourvoutzi),Kyparissos (Dourvoutzi)
galeni,Galeni
roukani,Roukani
choudetsi,Choudetsi
agios vassilios,Agios Vassilios
melesses,Melesses
astritsi,Astritsi
voni,Voni
galatas,Galatas
choumeri,Choumeri
agia varvara,Agia Varvara
pirouniana,Pirouniana
megali vryssi,Megali Vryssi
preveliana,Preveliana
agios thomas,Agios Thomas
douli,Douli
kolena,Kolena
genna,Genna
arkadi,Arkadi
damania,Damania
kardiotissa,Kardiotissa
metaxochori (kako chorio),Metaxochori (Kako Chorio)
armanogia,Armanogia
amourgelles,Amourgelles
stironas,Stironas
panorama (gournia),Panorama (Gournia)
patsideros,Patsideros
zinta,Zinta
miliarissi,Miliarissi
partira,Partira
kato moulia,Kato Moulia
metochi vleroma,Metochi Vleroma
valis,Valis
inia,Inia
larani,Larani
atsipades,Atsipades
melidochori,Melidochori
ano akria,Ano Akria
kastelli (tsifout-kastelli),Kastelli (Tsifout-Kastelli)
charaki,Charaki
tefeli,Tefeli
ligortynos,Ligortynos
aposelemi,Aposelemi
pyrathi,Pyrathi
badia,Badia
tourloti,Tourloti
drapeti,Drapeti
garipa,Garipa
gaggales,Gaggales
stoli,Stoli
rizikas,Rizikas
loures,Loures
stavies,Stavies
dionysi,Dionysi
panagia,Panagia
moria,Moria
sokaras,Sokaras
metochia sokara,Metochia Sokara
asimi,Asimi
velouli,Velouli
apoini,Apoini
sternes,Sternes
charakas,Charakas
doraki,Doraki
pyrgos,Pyrgos
pretoria (protoria),Pretoria (Protoria)
plakiotissa,Plakiotissa
kefalados,Kefalados
rotassi,Rotassi
neochori,Neochori
kalyvia,Kalyvia
messochori,Messochori
filippi,Filippi
sarakiniko,Sarakiniko
metochia,Metochia
kastri,Kastri
vatsiana,Vatsiana
xenaki,Xenaki
ammoudara,Ammoudara
gazi,Gazi
ergatikes katikies,Ergatikes Katikies
agia marina (tsalikaki),Agia Marina (Tsalikaki)
tylissos,Tylissos
agia pelagia,Agia Pelagia
rogdia,Rogdia
kavrochori,Kavrochori
kato kalesia,Kato Kalesia
keramoutsi,Keramoutsi
kamari,Kamari
korfes,Korfes
petrokefali,Petrokefali
stavrakia,Stavrakia
voutes,Voutes
knossos,Knossos
vassilies,Vassilies
agios vlassis,Agios Vlassis
kato archanes,Kato Archanes
patsides,Patsides
skalani,Skalani
kallithea (babali metochi),Kallithea (Babali Metochi)
karteros,Karteros
karteros,Karteros
aitania,Aitania
episkopi,Episkopi
epano vathia,Epano Vathia
giofyrakia,Giofyrakia
matala,Matala
kali limenes,Kali Limenes
agios markos,Agios Markos
platia peramata,Platia Peramata
antiskari,Antiskari
gerokampos,Gerokampos
lentas,Lentas
agios kyrillos,Agios Kyrillos
vassiliki,Vassiliki
pigaidakia,Pigaidakia
krotos,Krotos
krousonas,Krousonas
sarchos,Sarchos
kato assites,Kato Assites
ano assites,Ano Assites
prinias,Prinias
ano moulia,Ano Moulia
flathiakes,Flathiakes
choustouliana,Choustouliana
platanos,Platanos
plora,Plora
agii deka,Agii Deka
apomarma,Apomarma
gergeri,Gergeri
nyvritos,Nyvritos
zaros,Zaros
moroni,Moroni
kato stalos,Kato Stalos
galatas,Galatas
daratso,Daratso
kato galatas,Kato Galatas
makrys tichos,Makrys Tichos
pervolia,Pervolia
vamvakopoulo,Vamvakopoulo
lygides,Lygides
potistiria,Potistiria
varypetro,Varypetro
myloniana,Myloniana
falassarna,Falassarna
limeniskos,Limeniskos
platanos,Platanos
gramvoussa (lardas),Gramvoussa (Lardas)
zerviana,Zerviana
fournados,Fournados
karefiliana,Karefiliana
azogyras,Azogyras
piperiana,Piperiana
neo chorio,Neo Chorio
kalyviani,Kalyviani
viglia,Viglia
roufas,Roufas
kastelli,Kastelli
ampelouzos,Ampelouzos
mitropoli,Mitropoli
galia,Galia
vorizia,Vorizia
kamares,Kamares
magarikari,Magarikari
grigoria,Grigoria
klima,Klima
platanos,Platanos
lochria,Lochria
lagoli,Lagoli
kalochorafitis,Kalochorafitis
skourvoula,Skourvoula
laloumas,Laloumas
faneromeni,Faneromeni
vori,Vori
kalyvia,Kalyvia
mires,Mires
agios ioannis,Agios Ioannis
kamilari,Kamilari
kalamaki,Kalamaki
sivas,Sivas
pitsidia,Pitsidia
kousses,Kousses
petrokefalo,Petrokefalo
pombia,Pombia
listaros,Listaros
peri,Peri
kappariana,Kappariana
bali,Bali
agia,Agia
dafnedes,Dafnedes
damavolos,Damavolos
abdanirtes,Abdanirtes
kefali,Kefali
kastri,Kastri
argoulio,Argoulio
agios mamas,Agios Mamas
abdellas,Abdellas
kalyvos,Kalyvos
agios ioannis,Agios Ioannis
garazo,Garazo
apladiana,Apladiana
livadia,Livadia
krana,Krana
zoniana,Zoniana
veni,Veni
axos,Axos
kryoneri,Kryoneri
agridia,Agridia
doxaro,Doxaro
makrygiannio,Makrygiannio
theodora,Theodora
aloides,Aloides
almyrida,Almyrida
sisses,Sisses
chonos,Chonos
aimonas,Aimonas
anogia,Anogia
aidonochori (metochia kamariot,Aidonochori (Metochia Kamariot
damasta,Damasta
paralia fodele,Paralia Fodele
fodele,Fodele
achlada,Achlada
marathos,Marathos
astyraki,Astyraki
gonies,Gonies
kamariotis,Kamariotis
skaloti,Skaloti
kallikratis,Kallikratis
argoules,Argoules
ano rodakino,Ano Rodakino
kato rodakino,Kato Rodakino
alones,Alones
sellia,Sellia
kali sykea,Kali Sykea
plakias,Plakias
myrthios,Myrthios
kokkina,Kokkina
mariou,Mariou
damnoni,Damnoni
aggouseliana,Aggouseliana
agios vassilios,Agios Vassilios
koxare,Koxare
atsipades,Atsipades
agia pelagia,Agia Pelagia
frati,Frati
asomatos,Asomatos
lefkogia,Lefkogia
karines,Karines
lambini,Lambini
dariviana,Dariviana
ano mixorrouma,Ano Mixorrouma
mixorrouma,Mixorrouma
mourne,Mourne
spili,Spili
drimiskos,Drimiskos
kerames,Kerames
agalianos,Agalianos
patsos,Patsos
kissos,Kissos
vatos,Vatos
ardaktos,Ardaktos
agia paraskevi,Agia Paraskevi
rodakinokampos,Rodakinokampos
akoumia,Akoumia
platanes,Platanes
kentrochori,Kentrochori
vrysses,Vrysses
saktouria,Saktouria
kato saktouria,Kato Saktouria
agia galini,Agia Galini
kokkinos pyrgos,Kokkinos Pyrgos
rizikas,Rizikas
apodoulou,Apodoulou
agia paraskevi,Agia Paraskevi
agios ioannis,Agios Ioannis
nithavris,Nithavris
melambes,Melambes
agios georgios,Agios Georgios
orne,Orne
krya vryssi,Krya Vryssi
nea krya vryssi,Nea Krya Vryssi
ano meros,Ano Meros
chordaki,Chordaki
kouroutes,Kouroutes
fourfouras,Fourfouras
vizari,Vizari
petrochori,Petrochori
lambiotes,Lambiotes
platania,Platania
monastiraki,Monastiraki
amari,Amari
opsigias,Opsigias
gerakari,Gerakari
vrysses,Vrysses
drygies,Drygies
meronas,Meronas
vistagi,Vistagi
pervolia,Pervolia
platanes,Platanes
adelianos kambos,Adelianos Kambos
pigianos kampos,Pigianos Kampos
sfakaki,Sfakaki
stavromenos,Stavromenos
skaleta,Skaleta
panormos,Panormos
roumeli,Roumeli
exandis,Exandis
achlades,Achlades
melidoni,Melidoni
perama,Perama
aggeliana,Aggeliana
alfa,Alfa
pevriana,Pevriana
margarites,Margarites
choumeri,Choumeri
keramota,Keramota
garipas,Garipas
orthes,Orthes
archea eleftherna (prines),Archea Eleftherna (Prines)
eleftherna (anarchodometocha),Eleftherna (Anarchodometocha)
erfi,Erfi
skouloufia,Skouloufia
roupes,Roupes
amnatos,Amnatos
kyrianna,Kyrianna
loutra,Loutra
asteri,Asteri
xamalevri,Xamalevri
magnissia,Magnissia
episkopi,Episkopi
prinos,Prinos
pigi,Pigi
adele,Adele
messi,Messi
maroulas,Maroulas
giannoudi,Giannoudi
prassies,Prassies
chromonastiri,Chromonastiri
myli,Myli
xiro chorio,Xiro Chorio
selli,Selli
apostoli,Apostoli
agia fotini,Agia Fotini
thronos,Thronos
klissidi,Klissidi
violi charaki,Violi Charaki
panorama,Panorama
gallos,Gallos
roussospiti,Roussospiti
kapediana,Kapediana
oros,Oros
goulediana,Goulediana
kare,Kare
ambelaki,Ambelaki
armeni,Armeni
fotinos,Fotinos
koumi,Koumi
kastellos,Kastellos
atsipopoulo,Atsipopoulo
prines,Prines
gerani,Gerani
vederi,Vederi
gonia,Gonia
agios andreas,Agios Andreas
ano valsamonero,Ano Valsamonero
kato valsamonero,Kato Valsamonero
kalonyktis,Kalonyktis
kato malaki,Kato Malaki
ano malaki,Ano Malaki
saitoures,Saitoures
roustika,Roustika
moundros,Moundros
agios konstantinos,Agios Konstantinos
karoti,Karoti
episkopi,Episkopi
koufi,Koufi
archontiki (arkoudena),Archontiki (Arkoudena)
agios georgios,Agios Georgios
argyroupoli,Argyroupoli
arolithi,Arolithi
roumbado,Roumbado
myriokefala,Myriokefala
assi gonia,Assi Gonia
maroulou,Maroulou
patima,Patima
kournas,Kournas
dramia,Dramia
paralia kourna (kavros),Paralia Kourna (Kavros)
mathes,Mathes
georgioupoli,Georgioupoli
agios ioannis,Agios Ioannis
aradaina,Aradaina
libaniana,Libaniana
loutro,Loutro
anopolis,Anopolis
kambia,Kambia
limnia,Limnia
pavliana,Pavliana
chora sfakion,Chora Sfakion
kavros,Kavros
mouri,Mouri
komitades,Komitades
vraskas,Vraskas
vouvas,Vouvas
nomikiana,Nomikiana
agios nektarios,Agios Nektarios
patsianos,Patsianos
kapsodassos,Kapsodassos
asfendos,Asfendos
imbros,Imbros
petres,Petres
ammoudari (askyfou),Ammoudari (Askyfou)
kares,Kares
vatoudiaris,Vatoudiaris
embrosneros,Embrosneros
agios thymotis,Agios Thymotis
alikambos,Alikambos
fones,Fones
vafes,Vafes
nipos,Nipos
vrysses,Vrysses
maza,Maza
chambatha,Chambatha
kalamitsi alexandrou,Kalamitsi Alexandrou
exopolis,Exopolis
kokkino chorio,Kokkino Chorio
plaka,Plaka
drapanos,Drapanos
paleloni,Paleloni
kefalas,Kefalas
sellia,Sellia
likotinarea,Likotinarea
kalamitsi amygdalio,Kalamitsi Amygdalio
litsarda,Litsarda
xirosterni,Xirosterni
gavalochori,Gavalochori
vamos,Vamos
metochi,Metochi
metochi genitsari,Metochi Genitsari
kaina,Kaina
tsivaras,Tsivaras
almyrida,Almyrida
kalyves,Kalyves
armeni,Armeni
neo chorio,Neo Chorio
agii pantes (babalis),Agii Pantes (Babalis)
pemonia,Pemonia
melidoni,Melidoni
paidochori,Paidochori
macheri,Macheri
ramni,Ramni
kares,Kares
stylos,Stylos
provarma,Provarma
aptera (palaiokastro),Aptera (Palaiokastro)
ydatopyrgos,Ydatopyrgos
kafes,Kafes
madaro,Madaro
vamiana,Vamiana
kambi,Kambi
drakona,Drakona
platyvola,Platyvola
gerolakkos,Gerolakkos
katochori,Katochori
kontopoula,Kontopoula
loulos,Loulos
achlades,Achlades
panagia,Panagia
malaxa,Malaxa
tsikalaria,Tsikalaria
nerokouros,Nerokouros
mournies,Mournies
souda,Souda
chania,Chania
kounoupidiana,Kounoupidiana
korakies,Korakies
pithari,Pithari
aroni,Aroni
sternes,Sternes
anemomyli,Anemomyli
paxinos (galaggados),Paxinos (Galaggados)
kato marathi,Kato Marathi
mouzouras,Mouzouras
kathiana (kathania),Kathiana (Kathania)
plakoures,Plakoures
agios onoufrios,Agios Onoufrios
stavros,Stavros
chorafakia,Chorafakia
afrata,Afrata
rodopos,Rodopos
aspra nera,Aspra Nera
kolymbari,Kolymbari
marathokefala,Marathokefala
nochia,Nochia
spilia,Spilia
drakona,Drakona
karthiana,Karthiana
episkopi,Episkopi
mothiana,Mothiana
metochi,Metochi
skafiotes,Skafiotes
voukolies,Voukolies
neo chorio,Neo Chorio
koulkouthiana,Koulkouthiana
gavalomouri,Gavalomouri
neriana,Neriana
pontikiana,Pontikiana
polemarchio,Polemarchio
elaionas (kamissiana),Elaionas (Kamissiana)
skoutelonas,Skoutelonas
rapaniana,Rapaniana
tavronitis,Tavronitis
maleme,Maleme
vlacheronitissa,Vlacheronitissa
sirilio,Sirilio
elliniko (passaliana),Elliniko (Passaliana)
zounaki,Zounaki
xammoudochori,Xammoudochori
metochi,Metochi
daskaliana,Daskaliana
kontomari,Kontomari
xirokambi,Xirokambi
manoliopoulo,Manoliopoulo
psathogiannos,Psathogiannos
loutraki,Loutraki
modi,Modi
paleo gerani,Paleo Gerani
gerani,Gerani
vrysses,Vrysses
koufos,Koufos
patellari,Patellari
platanias,Platanias
agia marina,Agia Marina
trachilos,Trachilos
kissamos (kastelli),Kissamos (Kastelli)
merada,Merada
kallergiana,Kallergiana
kato paleokastro,Kato Paleokastro
kokkino metochi,Kokkino Metochi
potamida,Potamida
rokka,Rokka
kotsiana,Kotsiana
nopigia,Nopigia
astrikas,Astrikas
vassilopoulo,Vassilopoulo
plakalona,Plakalona
melissourgio,Melissourgio
kamara (kamara koumouliou),Kamara (Kamara Koumouliou)
ravdoucha,Ravdoucha
kaloudiana,Kaloudiana
kares,Kares
anoskeli,Anoskeli
mesa voukolies,Mesa Voukolies
lakki,Lakki
pigi (mouriziana),Pigi (Mouriziana)
vassiliana,Vassiliana
zymbragos,Zymbragos
dromonero,Dromonero
fotakado,Fotakado
kato kefala,Kato Kefala
ano kefala,Ano Kefala
marakiana,Marakiana
kakopetros,Kakopetros
platanes,Platanes
neara essiana,Neara Essiana
palia roumata,Palia Roumata
loyfardiana,Loyfardiana
kechres,Kechres
lidiana,Lidiana
sembronas,Sembronas
spina,Spina
nea roumata,Nea Roumata
pappadiana,Pappadiana
nteres,Nteres
vatolakkos,Vatolakkos
alikianos,Alikianos
fournes,Fournes
skines,Skines
lakki,Lakki
meskla,Meskla
therisso,Therisso
chliaro,Chliaro
orthouni,Orthouni
chosti,Chosti
agia roumeli,Agia Roumeli
palia agia roumeli (samaria),Palia Agia Roumeli (Samaria)
omalos,Omalos
prasses,Prasses
epanochori,Epanochori
prines,Prines
kambanos,Kambanos
skafi,Skafi
pera skafi,Pera Skafi
agriles,Agriles
maralia,Maralia
livada,Livada
maza,Maza
rodovani,Rodovani
temenia,Temenia
prodromi,Prodromi
sougia,Sougia
koustogerako,Koustogerako
livadas,Livadas
moni,Moni
anisaraki,Anisaraki
tsagariakos,Tsagariakos
sfinari,Sfinari
ano sfinari,Ano Sfinari
melissia,Melissia
berbathiana,Berbathiana
kambos,Kambos
plagia (cherethiana),Plagia (Cherethiana)
keramoti,Keramoti
amygdalokefali,Amygdalokefali
livadia,Livadia
simantiriana,Simantiriana
pappadiana,Pappadiana
vathi (kouneni),Vathi (Kouneni)
kefali,Kefali
tzitzifia,Tzitzifia
perivolia,Perivolia
elos,Elos
limni,Limni
sklavopoula,Sklavopoula
laggadas (choumoussiana),Laggadas (Choumoussiana)
kalamios,Kalamios
azogyres,Azogyres
kityros,Kityros
voutas,Voutas
kambos,Kambos
gialos (koundoura),Gialos (Koundoura)
paleochora,Paleochora
anydri,Anydri
platanes,Platanes
asfendiles,Asfendiles
azogyres,Azogyres
spaniakos,Spaniakos
strati,Strati
maroudiana,Maroudiana
pappadiana,Pappadiana
armi,Armi
agia triada (tsaliana),Agia Triada (Tsaliana)
sarakina,Sarakina
plemeniana,Plemeniana
kandanos,Kandanos
drys,Drys
kopeti,Kopeti
mylones,Mylones
aligi,Aligi
strovles,Strovles
faraggi,Faraggi
archontiko,Archontiko
tsiskiana,Tsiskiana
moustakos,Moustakos
vlatos,Vlatos
koutsomatados,Koutsomatados
sassalos,Sassalos
kontoudiana,Kontoudiana
pyrgos,Pyrgos
malathyros,Malathyros
gra-kera,Gra-Kera
panethimos,Panethimos
sfakopigadi,Sfakopigadi
kamara,Kamara
trialonia,Trialonia
choudaliana,Choudaliana
makronas,Makronas
topolia,Topolia
kalathenes,Kalathenes
koukounara,Koukounara
polyrrinia (epano paleokastro),Polyrrinia (Epano Paleokastro)
grigoriana,Grigoriana
goulouvas,Goulouvas
loussakies,Loussakies
zachariana,Zachariana
ierapetra,Ierapetra
kato chorio,Kato Chorio
chohlakies,Chohlakies
sfakakia,Sfakakia
pano & kato drys,Pano & Kato Drys
epano krya,Epano Krya
adrianos,Adrianos
chryssi (gaidouronissi),Chryssi (Gaidouronissi)
lefki (koufonissi),Lefki (Koufonissi)
karave,Karave
fokia,Fokia
ambelos,Ambelos
tzitzifes,Tzitzifes
fres,Fres
drapanias,Drapanias
stalos,Stalos
kyrtomados,Kyrtomados
agia,Agia
chordaki,Chordaki
aktounta,Aktounta
velonado,Velonado
vilandredo,Vilandredo
kato poros,Kato Poros
frantzeskiana metochia,Frantzeskiana Metochia
rethymno,Rethymno
paggalochori,Paggalochori
kalogeros,Kalogeros
miamou,Miamou
tris ekklisies,Tris Ekklisies
alithini,Alithini
vassilika anogia,Vassilika Anogia
vagionia,Vagionia
tymbaki,Tymbaki
loutraki,Loutraki
kato vathia,Kato Vathia
kardamiana,Kardamiana
mastrichiana,Mastrichiana
makres,Makres
plouti,Plouti
panassos,Panassos
paleokastro,Paleokastro
linoperamata,Linoperamata
elea,Elea
alagni,Alagni
charkia,Charkia
kavoussi,Kavoussi
skepasti,Skepasti
pantanassa,Pantanassa
voleones,Voleones
messonissia,Messonissia
elenes,Elenes
finix (finikias),Finix (Finikias)
myrthianos plakias,Myrthianos Plakias
kalathas,Kalathas
marathi,Marathi
chryssavgi (moulete),Chryssavgi (Moulete)
malamadiana,Malamadiana
kavoussi,Kavoussi
skalidiana,Skalidiana
tomadiana,Tomadiana
skonizo,Skonizo
asprouliani,Asprouliani
kastellos,Kastellos
fylaki,Fylaki
kakodiki,Kakodiki
kadros,Kadros
sfakos,Sfakos
chryssopigi (tsaggareliana),Chryssopigi (Tsaggareliana)
floria,Floria
pano floria,Pano Floria
trachiniakos,Trachiniakos
despotiko,Despotiko
psariana,Psariana
thymia,Thymia
spiliaria,Spiliaria
agios georgios,Agios Georgios
agios antonios,Agios Antonios
marediana,Marediana
fterolakka,Fterolakka
vouves,Vouves
ano vouves,Ano Vouves
glossa,Glossa
cherethiana,Cherethiana
fragkokastello (paradissos),Fragkokastello (Paradissos)
vathypetro,Vathypetro
karnari,Karnari
ambela,Ambela
kera eleoussa (arap agas),Kera Eleoussa (Arap Agas)
arvi,Arvi
xeniakos,Xeniakos
agii theodori (kefalogiannis),Agii Theodori (Kefalogiannis)
kollyvas,Kollyvas
skafidaras,Skafidaras
agios dimitrios (karamanli met,Agios Dimitrios (Karamanli Met
ano kalessia,Ano Kalessia
pantanassa,Pantanassa
vourvoulitis,Vourvoulitis
anopolis,Anopolis
pelekita,Pelekita
stavromeno,Stavromeno
galipe,Galipe
skopela,Skopela
chochlakies,Chochlakies
stamni,Stamni
kato karouzana,Kato Karouzana
ano karouzana,Ano Karouzana
agnos,Agnos
polythea (pigaidouri),Polythea (Pigaidouri)
tziggouna,Tziggouna
herakleio,Herakleio
nea alikarnassos,Nea Alikarnassos
katalagari,Katalagari
neo venerato,Neo Venerato
kera,Kera
ano kera,Ano Kera
anissaras,Anissaras
aggissaras,Aggissaras
agios ioannis,Agios Ioannis
aposselemis,Aposselemis
chatzana,Chatzana
Makrys Gyalos,makrys gyalos
